B2Bi CI HME - PROD_FrameworkEMAIL.005_EMAIL_20_ComDetect_HM,hierchmessage_1880,B2Bi CS Queue Task,queue_13
B2Bi CI HME - PROD_FrameworkEMAIL.005_EMAIL_20_ComDetect_Interchange_HM,hierchmessage_14882,B2Bi CS Queue Task,queue_13
B2Bi CI HME - PROD_FrameworkEMAIL.005_EMAIL_23_CR_MimeIn_HM,hierchmessage_14766,B2Bi CS Queue Task,queue_13
B2Bi CI HME - PROD_FrameworkEMAIL.005_EMAIL_23_CR_MimeIn_Interchange_HM,hierchmessage_14880,B2Bi CS Queue Task,queue_13
B2Bi CI HME - PROD_FrameworkEMAIL.005_EMAIL_23_MimeIn_HM,hierchmessage_1882,B2Bi CS Queue Task,queue_13
B2Bi CI HME - PROD_FrameworkEMAIL.DO_Receive_HTTP_Email_Parallel,hierchmessage_7588,B2Bi CS Queue Task,queue_13
B2Bi CI HME - PROD_Framework_Parallel_001.001_FromDisk_XSLT_HM,hierchmessage_2463,B2Bi CS Queue Task,queue_13
B2Bi CI HME - PROD_Framework_Parallel_001.004_ARC_20_AlwaysArchive_HM,hierchmessage_2165,B2Bi CS Queue Task,queue_13
B2Bi CI HME - PROD_Framework_Parallel_001.004_ARC_30_Archive_HM,hierchmessage_2185,B2Bi CS Queue Task,queue_13
B2Bi CI HME - PROD_Framework_Parallel_001.004_ARO_10_FetchRef_HM,hierchmessage_2253,B2Bi CS Queue Task,queue_13
B2Bi CI HME - PROD_Framework_Parallel_001.004_ARO_30_AlwaysOutbound_HM,hierchmessage_2249,B2Bi CS Queue Task,queue_13
B2Bi CI HME - PROD_Framework_Parallel_001.004_ARO_40_Archive_HM,hierchmessage_2251,B2Bi CS Queue Task,queue_13
B2Bi CI HME - PROD_Framework_Parallel_001.005_001Inbound_20_ComDetect_HM,hierchmessage_2169,B2Bi CS Queue Task,queue_13
B2Bi CI HME - PROD_Framework_Parallel_001.005_001Inbound_25_ShortCut_HM,hierchmessage_2369,B2Bi CS Queue Task,queue_13
B2Bi CI HME - PROD_Framework_Parallel_001.005_001Inbound_40_FilePreprocessing_HM,hierchmessage_2183,B2Bi CS Queue Task,queue_13
B2Bi CI HME - PROD_Framework_Parallel_001.005_001Inbound_40_FilePreprocessingNoDtetect_HM,hierchmessage_2631,B2Bi CS Queue Task,queue_13
B2Bi CI HME - PROD_Framework_Parallel_001.005_001Inbound_60_DetectContent_HM,hierchmessage_2181,B2Bi CS Queue Task,queue_13
B2Bi CI HME - PROD_Framework_Parallel_001.005_001Inbound_60_ReNum_HM,hierchmessage_12947,B2Bi CS Queue Task,queue_13
B2Bi CI HME - PROD_Framework_Parallel_001.005_CaseIntegrationTypeToXIB_HM,hierchmessage_2701,B2Bi CS Queue Task,queue_13
B2Bi CI HME - PROD_Framework_Parallel_001.005_EMAIL_23_MimeOut_HM,hierchmessage_2489,B2Bi CS Queue Task,queue_13
B2Bi CI HME - PROD_Framework_Parallel_001.005_Inbound_70_IntegrationType_HM,hierchmessage_2167,B2Bi CS Queue Task,queue_13
B2Bi CI HME - PROD_Framework_Parallel_001.005_InboundCaseB2Bi_Remote_HM,hierchmessage_13401,B2Bi CS Queue Task,queue_13
B2Bi CI HME - PROD_Framework_Parallel_001.005_InboundCaseStreamParallel_HM,hierchmessage_2699,B2Bi CS Queue Task,queue_13
B2Bi CI HME - PROD_Framework_Parallel_001.005_InboundCaseStreamSerial_HM,hierchmessage_2713,B2Bi CS Queue Task,queue_13
B2Bi CI HME - PROD_Framework_Parallel_001.005_InboundCaseXIB_B2BI_HM,hierchmessage_2715,B2Bi CS Queue Task,queue_13
B2Bi CI HME - PROD_Framework_Parallel_001.101_Parallel_30_RNAttach_HM,hierchmessage_13040,B2Bi CS Queue Task,queue_13
B2Bi CI HME - PROD_Framework_Parallel_001.101_Parallel_Dyn_05_Priority_HM,hierchmessage_2465,B2Bi CS Queue Task,queue_13
B2Bi CI HME - PROD_Framework_Parallel_001.101_Parallel_Dyn_10_ExecuteMasterDynMBC_HM,hierchmessage_2309,B2Bi CS Queue Task,queue_13
B2Bi CI HME - PROD_Framework_Parallel_001.101_Parallel_Dyn_10_ExecuteMasterDynMBC_Low_HM,hierchmessage_2467,B2Bi CS Queue Task,queue_13
B2Bi CI HME - PROD_Framework_Parallel_001.101_Parallel_Inb_10_FetchRefBURB_HM,hierchmessage_2437,B2Bi CS Queue Task,queue_13
B2Bi CI HME - PROD_Framework_Parallel_001.101_Parallel_Inb_10_FetchRef_HM,hierchmessage_2177,B2Bi CS Queue Task,queue_13
B2Bi CI HME - PROD_Framework_Parallel_001.101_Parallel_Inb_30_Alwayslnbound_HM,hierchmessage_2311,B2Bi CS Queue Task,queue_13
B2Bi CI HME - PROD_Framework_Parallel_001.101_Parallel_Inb_40_PassOn_HM,hierchmessage_2313,B2Bi CS Queue Task,queue_13
B2Bi CI HME - PROD_Framework_Parallel_001.101_Parallel_Inb_60_InboundPreprocessing_HM,hierchmessage_2315,B2Bi CS Queue Task,queue_13
B2Bi CI HME - PROD_Framework_Parallel_001.101_Parallel_Inb_70_InboundAndFormat_HM,hierchmessage_2317,B2Bi CS Queue Task,queue_13
B2Bi CI HME - PROD_Framework_Parallel_001.101_Parallel_Inb_80_SetDynMBCAtt:PreProcMap(ANSI)_HM,hierchmessage_2319,B2Bi CS Queue Task,queue_13
B2Bi CI HME - PROD_Framework_Parallel_001.101_Parallel_Inb_80_SetDynMBCAtt:PreProcMap(EDI3_FG)_HM,hierchmessage_2413,B2Bi CS Queue Task,queue_13
B2Bi CI HME - PROD_Framework_Parallel_001.101_Parallel_Inb_80_SetDynMBCAtt:PreProcMap(EDI3)_HM,hierchmessage_2321,B2Bi CS Queue Task,queue_13
B2Bi CI HME - PROD_Framework_Parallel_001.101_Parallel_Inb_80_SetDynMBCAtt:PreProcMap(EDI4_FG)_HM,hierchmessage_2415,B2Bi CS Queue Task,queue_13
B2Bi CI HME - PROD_Framework_Parallel_001.101_Parallel_Inb_80_SetDynMBCAtt:PreProcMap(EDI4)_HM,hierchmessage_2323,B2Bi CS Queue Task,queue_13
B2Bi CI HME - PROD_Framework_Parallel_001.101_Parallel_Inb_90_EDIIN_Version3_FG_HM,hierchmessage_2417,B2Bi CS Queue Task,queue_13
B2Bi CI HME - PROD_Framework_Parallel_001.101_Parallel_Inb_90_EDIIN_Version3_HM,hierchmessage_2325,B2Bi CS Queue Task,queue_13
B2Bi CI HME - PROD_Framework_Parallel_001.101_Parallel_Inb_90_EDIIN_Version4_FG_HM,hierchmessage_2419,B2Bi CS Queue Task,queue_13
B2Bi CI HME - PROD_Framework_Parallel_001.101_Parallel_Inb_90_EDIIN_Version4_HM,hierchmessage_2327,B2Bi CS Queue Task,queue_13
B2Bi CI HME - PROD_Framework_Parallel_001.101_Parallel_Inb_90_InboundXMLAndInhouse_HM,hierchmessage_2337,B2Bi CS Queue Task,queue_13
B2Bi CI HME - PROD_Framework_Parallel_001.101_Parallel_Inb_90_X12In_ANSIX12_HM,hierchmessage_2329,B2Bi CS Queue Task,queue_13
B2Bi CI HME - PROD_Framework_Parallel_001.101_Parallel_Inb_A00_DetectAckn_HM,hierchmessage_2331,B2Bi CS Queue Task,queue_13
B2Bi CI HME - PROD_Framework_Parallel_001.101_Parallel_Inb_A00_SetBDIDafterInbound_HM,hierchmessage_2333,B2Bi CS Queue Task,queue_13
B2Bi CI HME - PROD_Framework_Parallel_001.101_Parallel_Out_10_OutboundAndFormat_HM,hierchmessage_2161,B2Bi CS Queue Task,queue_13
B2Bi CI HME - PROD_Framework_Parallel_001.101_Parallel_Out_15_CaseDeliveryType_HM,hierchmessage_2477,B2Bi CS Queue Task,queue_13
B2Bi CI HME - PROD_Framework_Parallel_001.101_Parallel_Out_20_InhouseEnveloper(Inhouse)_HM,hierchmessage_2367,B2Bi CS Queue Task,queue_13
B2Bi CI HME - PROD_Framework_Parallel_001.101_Parallel_Out_20_InhouseEnveloper(XML)_HM,hierchmessage_2365,B2Bi CS Queue Task,queue_13
B2Bi CI HME - PROD_Framework_Parallel_001.101_Parallel_Out_20_SetEnveloperAttributes(ANSI)_Apple_HM,hierchmessage_2439,B2Bi CS Queue Task,queue_13
B2Bi CI HME - PROD_Framework_Parallel_001.101_Parallel_Out_20_SetEnveloperAttributes(ANSI)_HM,hierchmessage_2363,B2Bi CS Queue Task,queue_13
B2Bi CI HME - PROD_Framework_Parallel_001.101_Parallel_Out_20_SetEnveloperAttributes(EDI3)_HM,hierchmessage_2361,B2Bi CS Queue Task,queue_13
B2Bi CI HME - PROD_Framework_Parallel_001.101_Parallel_Out_20_SetEnveloperAttributes(EDI4)_HM,hierchmessage_2359,B2Bi CS Queue Task,queue_13
B2Bi CI HME - PROD_Framework_Parallel_001.101_Parallel_Out_30_SetSeqUniqAttribute(ANSI)_Apple_HM,hierchmessage_2441,B2Bi CS Queue Task,queue_13
B2Bi CI HME - PROD_Framework_Parallel_001.101_Parallel_Out_30_SetSeqUniqAttribute(ANSI)_HM,hierchmessage_2357,B2Bi CS Queue Task,queue_13
B2Bi CI HME - PROD_Framework_Parallel_001.101_Parallel_Out_30_SetSeqUniqAttribute(EDI3)_HM,hierchmessage_2355,B2Bi CS Queue Task,queue_13
B2Bi CI HME - PROD_Framework_Parallel_001.101_Parallel_Out_30_SetSeqUniqAttribute(EDI4)_HM,hierchmessage_2353,B2Bi CS Queue Task,queue_13
B2Bi CI HME - PROD_Framework_Parallel_001.101_Parallel_Out_40_DynamicEnveloping:INHOUSE_HM,hierchmessage_2351,B2Bi CS Queue Task,queue_13
B2Bi CI HME - PROD_Framework_Parallel_001.101_Parallel_Out_40_DynamicEnveloping:XML_HM,hierchmessage_2349,B2Bi CS Queue Task,queue_13
B2Bi CI HME - PROD_Framework_Parallel_001.101_Parallel_Out_40_EDIOUT_Version3_HM,hierchmessage_2347,B2Bi CS Queue Task,queue_13
B2Bi CI HME - PROD_Framework_Parallel_001.101_Parallel_Out_40_EDIOUT_Version4_HM,hierchmessage_2179,B2Bi CS Queue Task,queue_13
B2Bi CI HME - PROD_Framework_Parallel_001.101_Parallel_Out_40_X12OUT_ANSIX12_Apple_HM,hierchmessage_2443,B2Bi CS Queue Task,queue_13
B2Bi CI HME - PROD_Framework_Parallel_001.101_Parallel_Out_40_X12OUT_ANSIX12_HM,hierchmessage_2345,B2Bi CS Queue Task,queue_13
B2Bi CI HME - PROD_Framework_Parallel_001.101_Parallel_Out_50_SetBDIDafterEnvelope_Apple_HM,hierchmessage_2445,B2Bi CS Queue Task,queue_13
B2Bi CI HME - PROD_Framework_Parallel_001.101_Parallel_Out_50_SetBDIDafterEnvelope_HM,hierchmessage_2343,B2Bi CS Queue Task,queue_13
B2Bi CI HME - PROD_Framework_Parallel_001.101_Parallel_Out_70_PostProcessDynMBC_HM,hierchmessage_2341,B2Bi CS Queue Task,queue_13
B2Bi CI HME - PROD_Framework_Parallel_001.101_Parallel_Out_80_FetchCom_HM,hierchmessage_2339,B2Bi CS Queue Task,queue_13
B2Bi CI HME - PROD_Framework_Parallel_001.101_ParallelOutbound_CASE_ExitPoint_HM,hierchmessage_2737,B2Bi CS Queue Task,queue_13
B2Bi CI HME - PROD_Framework_Parallel_001.101_ParallelOutbound_CaseStream_HM,hierchmessage_2595,B2Bi CS Queue Task,queue_13
B2Bi CI HME - PROD_Framework_Parallel_001.101_ParallelOutbound_SEND_SendMessageToComServer_HM,hierchmessage_2725,B2Bi CS Queue Task,queue_13
B2Bi CI HME - PROD_Framework_Parallel_001.101_ParallelOutbound_SEND_SendMessageToFilesystem_HM,hierchmessage_2505,B2Bi CS Queue Task,queue_13
B2Bi CI HME - PROD_Framework_Parallel_001.201_Sequential_30_RNAttach_HM,hierchmessage_13042,B2Bi CS Queue Task,queue_13
B2Bi CI HME - PROD_Framework_Parallel_001.201_SequentialOutbound_CASE_ExitPoint_HM,hierchmessage_2739,B2Bi CS Queue Task,queue_13
B2Bi CI HME - PROD_Framework_Parallel_001.201_Serial_Dyn_10_ExecuteMasterDynMBC_HM,hierchmessage_2215,B2Bi CS Queue Task,queue_13
B2Bi CI HME - PROD_Framework_Parallel_001.201_Serial_Inb_05_ReNum_HM,hierchmessage_12925,B2Bi CS Queue Task,queue_13
B2Bi CI HME - PROD_Framework_Parallel_001.201_Serial_Inb_10_FetchRef_HM,hierchmessage_2173,B2Bi CS Queue Task,queue_13
B2Bi CI HME - PROD_Framework_Parallel_001.201_Serial_Inb_30_Alwayslnbound_HM,hierchmessage_2191,B2Bi CS Queue Task,queue_13
B2Bi CI HME - PROD_Framework_Parallel_001.201_Serial_Inb_40_PassOn_HM,hierchmessage_2199,B2Bi CS Queue Task,queue_13
B2Bi CI HME - PROD_Framework_Parallel_001.201_Serial_Inb_60_InboundPreprocessing_HM,hierchmessage_2195,B2Bi CS Queue Task,queue_13
B2Bi CI HME - PROD_Framework_Parallel_001.201_Serial_Inb_70_InboundAndFormat_HM,hierchmessage_2189,B2Bi CS Queue Task,queue_13
B2Bi CI HME - PROD_Framework_Parallel_001.201_Serial_Inb_80_SetDynMBCAtt:PreProcMap(ANSI)_HM,hierchmessage_2203,B2Bi CS Queue Task,queue_13
B2Bi CI HME - PROD_Framework_Parallel_001.201_Serial_Inb_80_SetDynMBCAtt:PreProcMap(EDI3_FG)_HM,hierchmessage_2421,B2Bi CS Queue Task,queue_13
B2Bi CI HME - PROD_Framework_Parallel_001.201_Serial_Inb_80_SetDynMBCAtt:PreProcMap(EDI3)_HM,hierchmessage_2205,B2Bi CS Queue Task,queue_13
B2Bi CI HME - PROD_Framework_Parallel_001.201_Serial_Inb_80_SetDynMBCAtt:PreProcMap(EDI4_FG)_HM,hierchmessage_2423,B2Bi CS Queue Task,queue_13
B2Bi CI HME - PROD_Framework_Parallel_001.201_Serial_Inb_80_SetDynMBCAtt:PreProcMap(EDI4)_HM,hierchmessage_2207,B2Bi CS Queue Task,queue_13
B2Bi CI HME - PROD_Framework_Parallel_001.201_Serial_Inb_90_EDIIN_Version3_FG_HM,hierchmessage_2425,B2Bi CS Queue Task,queue_13
B2Bi CI HME - PROD_Framework_Parallel_001.201_Serial_Inb_90_EDIIN_Version3_HM,hierchmessage_2209,B2Bi CS Queue Task,queue_13
B2Bi CI HME - PROD_Framework_Parallel_001.201_Serial_Inb_90_EDIIN_Version4_FG_HM,hierchmessage_2427,B2Bi CS Queue Task,queue_13
B2Bi CI HME - PROD_Framework_Parallel_001.201_Serial_Inb_90_EDIIN_Version4_HM,hierchmessage_2211,B2Bi CS Queue Task,queue_13
B2Bi CI HME - PROD_Framework_Parallel_001.201_Serial_Inb_90_InboundXMLAndInhouse_HM,hierchmessage_2197,B2Bi CS Queue Task,queue_13
B2Bi CI HME - PROD_Framework_Parallel_001.201_Serial_Inb_90_X12In_ANSIX12_HM,hierchmessage_2213,B2Bi CS Queue Task,queue_13
B2Bi CI HME - PROD_Framework_Parallel_001.201_Serial_Inb_A00_DetectAckn_HM,hierchmessage_2193,B2Bi CS Queue Task,queue_13
B2Bi CI HME - PROD_Framework_Parallel_001.201_Serial_Inb_A00_SetBDIDafterInbound_HM,hierchmessage_2201,B2Bi CS Queue Task,queue_13
B2Bi CI HME - PROD_Framework_Parallel_001.201_Serial_Out_10_OutboundAndFormat_HM,hierchmessage_2217,B2Bi CS Queue Task,queue_13
B2Bi CI HME - PROD_Framework_Parallel_001.201_Serial_Out_10_ReNum_HM,hierchmessage_12935,B2Bi CS Queue Task,queue_13
B2Bi CI HME - PROD_Framework_Parallel_001.201_Serial_Out_15_CaseDeliveryType_HM,hierchmessage_2479,B2Bi CS Queue Task,queue_13
B2Bi CI HME - PROD_Framework_Parallel_001.201_Serial_Out_20_InhouseEnveloper(Inhouse)_HM,hierchmessage_2223,B2Bi CS Queue Task,queue_13
B2Bi CI HME - PROD_Framework_Parallel_001.201_Serial_Out_20_InhouseEnveloper(XML)_HM,hierchmessage_2225,B2Bi CS Queue Task,queue_13
B2Bi CI HME - PROD_Framework_Parallel_001.201_Serial_Out_20_SetEnveloperAttributes(ANSI)_Apple_HM,hierchmessage_2447,B2Bi CS Queue Task,queue_13
B2Bi CI HME - PROD_Framework_Parallel_001.201_Serial_Out_20_SetEnveloperAttributes(ANSI)_HM,hierchmessage_2231,B2Bi CS Queue Task,queue_13
B2Bi CI HME - PROD_Framework_Parallel_001.201_Serial_Out_20_SetEnveloperAttributes(EDI3)_HM,hierchmessage_2233,B2Bi CS Queue Task,queue_13
B2Bi CI HME - PROD_Framework_Parallel_001.201_Serial_Out_20_SetEnveloperAttributes(EDI4)_HM,hierchmessage_2235,B2Bi CS Queue Task,queue_13
B2Bi CI HME - PROD_Framework_Parallel_001.201_Serial_Out_30_SetSeqUniqAttribute(ANSI)_Apple_HM,hierchmessage_2449,B2Bi CS Queue Task,queue_13
B2Bi CI HME - PROD_Framework_Parallel_001.201_Serial_Out_30_SetSeqUniqAttribute(ANSI)_HM,hierchmessage_2237,B2Bi CS Queue Task,queue_13
B2Bi CI HME - PROD_Framework_Parallel_001.201_Serial_Out_30_SetSeqUniqAttribute(EDI3)_HM,hierchmessage_2239,B2Bi CS Queue Task,queue_13
B2Bi CI HME - PROD_Framework_Parallel_001.201_Serial_Out_30_SetSeqUniqAttribute(EDI4)_HM,hierchmessage_2241,B2Bi CS Queue Task,queue_13
B2Bi CI HME - PROD_Framework_Parallel_001.201_Serial_Out_40_DynamicEnveloping:INHOUSE_HM,hierchmessage_2219,B2Bi CS Queue Task,queue_13
B2Bi CI HME - PROD_Framework_Parallel_001.201_Serial_Out_40_DynamicEnveloping:XML_HM,hierchmessage_2221,B2Bi CS Queue Task,queue_13
B2Bi CI HME - PROD_Framework_Parallel_001.201_Serial_Out_40_EDIOUT_Version3_HM,hierchmessage_2243,B2Bi CS Queue Task,queue_13
B2Bi CI HME - PROD_Framework_Parallel_001.201_Serial_Out_40_EDIOUT_Version4_HM,hierchmessage_2245,B2Bi CS Queue Task,queue_13
B2Bi CI HME - PROD_Framework_Parallel_001.201_Serial_Out_40_X12OUT_ANSIX12_Apple_HM,hierchmessage_2451,B2Bi CS Queue Task,queue_13
B2Bi CI HME - PROD_Framework_Parallel_001.201_Serial_Out_40_X12OUT_ANSIX12_HM,hierchmessage_2247,B2Bi CS Queue Task,queue_13
B2Bi CI HME - PROD_Framework_Parallel_001.201_Serial_Out_50_SetBDIDafterEnvelope_Apple_HM,hierchmessage_2453,B2Bi CS Queue Task,queue_13
B2Bi CI HME - PROD_Framework_Parallel_001.201_Serial_Out_50_SetBDIDafterEnvelope_HM,hierchmessage_2229,B2Bi CS Queue Task,queue_13
B2Bi CI HME - PROD_Framework_Parallel_001.201_Serial_Out_70_PostProcessDynMBC_HM,hierchmessage_2227,B2Bi CS Queue Task,queue_13
B2Bi CI HME - PROD_Framework_Parallel_001.201_Serial_Out_80_FetchCom_HM,hierchmessage_2171,B2Bi CS Queue Task,queue_13
B2Bi CI HME - PROD_Framework_Parallel_001.201_SerialOutbound_23_MimeOut_HM,hierchmessage_2491,B2Bi CS Queue Task,queue_13
B2Bi CI HME - PROD_Framework_Parallel_001.201_SerialOutbound_CaseStream_HM,hierchmessage_2597,B2Bi CS Queue Task,queue_13
B2Bi CI HME - PROD_Framework_Parallel_001.201_SerialOutbound_SEND_SendMessageToComServer_HM,hierchmessage_2727,B2Bi CS Queue Task,queue_13
B2Bi CI HME - PROD_Framework_Parallel_001.201_SerialOutbound_SEND_SendMessageToFilesystem_HM,hierchmessage_2507,B2Bi CS Queue Task,queue_13
B2Bi CI HME - PROD_Framework_Parallel_001.202_SequentialOutbound_CASE_ExitPoint_HM,hierchmessage_2743,B2Bi CS Queue Task,queue_13
B2Bi CI HME - PROD_Framework_Parallel_001.301_SequentialLarge_30_RNAttach_HM,hierchmessage_13044,B2Bi CS Queue Task,queue_13
B2Bi CI HME - PROD_Framework_Parallel_001.301_SequentialLargeOutbound_CASE_ExitPoint_HM,hierchmessage_2741,B2Bi CS Queue Task,queue_13
B2Bi CI HME - PROD_Framework_Parallel_001.301_SerialLarge_Dyn_20_ExecuteMasterDynMBC_HM,hierchmessage_2257,B2Bi CS Queue Task,queue_13
B2Bi CI HME - PROD_Framework_Parallel_001.301_SerialLarge_Inb_05_ReNum_HM,hierchmessage_12927,B2Bi CS Queue Task,queue_13
B2Bi CI HME - PROD_Framework_Parallel_001.301_SerialLarge_Inb_10_FetchRef_HM,hierchmessage_2175,B2Bi CS Queue Task,queue_13
B2Bi CI HME - PROD_Framework_Parallel_001.301_SerialLarge_Inb_30_Alwayslnbound_HM,hierchmessage_2259,B2Bi CS Queue Task,queue_13
B2Bi CI HME - PROD_Framework_Parallel_001.301_SerialLarge_Inb_40_PassOn_HM,hierchmessage_2261,B2Bi CS Queue Task,queue_13
B2Bi CI HME - PROD_Framework_Parallel_001.301_SerialLarge_Inb_60_InboundPreprocessing_HM,hierchmessage_2187,B2Bi CS Queue Task,queue_13
B2Bi CI HME - PROD_Framework_Parallel_001.301_SerialLarge_Inb_70_InboundAndFormat_HM,hierchmessage_2263,B2Bi CS Queue Task,queue_13
B2Bi CI HME - PROD_Framework_Parallel_001.301_SerialLarge_Inb_80_SetDynMBCAtt:PreProcMap(ANSI)_HM,hierchmessage_2265,B2Bi CS Queue Task,queue_13
B2Bi CI HME - PROD_Framework_Parallel_001.301_SerialLarge_Inb_80_SetDynMBCAtt:PreProcMap(EDI3_FG)_HM,hierchmessage_2429,B2Bi CS Queue Task,queue_13
B2Bi CI HME - PROD_Framework_Parallel_001.301_SerialLarge_Inb_80_SetDynMBCAtt:PreProcMap(EDI3)_HM,hierchmessage_2267,B2Bi CS Queue Task,queue_13
B2Bi CI HME - PROD_Framework_Parallel_001.301_SerialLarge_Inb_80_SetDynMBCAtt:PreProcMap(EDI4_FG)_HM,hierchmessage_2431,B2Bi CS Queue Task,queue_13
B2Bi CI HME - PROD_Framework_Parallel_001.301_SerialLarge_Inb_80_SetDynMBCAtt:PreProcMap(EDI4)_HM,hierchmessage_2269,B2Bi CS Queue Task,queue_13
B2Bi CI HME - PROD_Framework_Parallel_001.301_SerialLarge_Inb_90_EDIIN_Version3_FG_HM,hierchmessage_2433,B2Bi CS Queue Task,queue_13
B2Bi CI HME - PROD_Framework_Parallel_001.301_SerialLarge_Inb_90_EDIIN_Version3_HM,hierchmessage_2279,B2Bi CS Queue Task,queue_13
B2Bi CI HME - PROD_Framework_Parallel_001.301_SerialLarge_Inb_90_EDIIN_Version4_FG_HM,hierchmessage_2435,B2Bi CS Queue Task,queue_13
B2Bi CI HME - PROD_Framework_Parallel_001.301_SerialLarge_Inb_90_EDIIN_Version4_HM,hierchmessage_2277,B2Bi CS Queue Task,queue_13
B2Bi CI HME - PROD_Framework_Parallel_001.301_SerialLarge_Inb_90_EDIOUT_Version4_HM,hierchmessage_2703,B2Bi CS Queue Task,queue_13
B2Bi CI HME - PROD_Framework_Parallel_001.301_SerialLarge_Inb_90_InboundXMLAndInhouse_HM,hierchmessage_2335,B2Bi CS Queue Task,queue_13
B2Bi CI HME - PROD_Framework_Parallel_001.301_SerialLarge_Inb_90_X12In_ANSIX12_HM,hierchmessage_2275,B2Bi CS Queue Task,queue_13
B2Bi CI HME - PROD_Framework_Parallel_001.301_SerialLarge_Inb_A00_DetectAckn_HM,hierchmessage_2273,B2Bi CS Queue Task,queue_13
B2Bi CI HME - PROD_Framework_Parallel_001.301_SerialLarge_Inb_A00_SetBDIDafterInbound_HM,hierchmessage_2271,B2Bi CS Queue Task,queue_13
B2Bi CI HME - PROD_Framework_Parallel_001.301_SerialLarge_Out_10_OutboundAndFormat_HM,hierchmessage_2163,B2Bi CS Queue Task,queue_13
B2Bi CI HME - PROD_Framework_Parallel_001.301_SerialLarge_Out_10_ReNum_HM,hierchmessage_12937,B2Bi CS Queue Task,queue_13
B2Bi CI HME - PROD_Framework_Parallel_001.301_SerialLarge_Out_15_CaseDeliveryType_HM,hierchmessage_2481,B2Bi CS Queue Task,queue_13
B2Bi CI HME - PROD_Framework_Parallel_001.301_SerialLarge_Out_20_InhouseEnveloper(Inhouse)_HM,hierchmessage_2307,B2Bi CS Queue Task,queue_13
B2Bi CI HME - PROD_Framework_Parallel_001.301_SerialLarge_Out_20_InhouseEnveloper(XML)_HM,hierchmessage_2305,B2Bi CS Queue Task,queue_13
B2Bi CI HME - PROD_Framework_Parallel_001.301_SerialLarge_Out_20_SetEnveloperAttributes(ANSI)_Apple_HM,hierchmessage_2455,B2Bi CS Queue Task,queue_13
B2Bi CI HME - PROD_Framework_Parallel_001.301_SerialLarge_Out_20_SetEnveloperAttributes(ANSI)_HM,hierchmessage_2303,B2Bi CS Queue Task,queue_13
B2Bi CI HME - PROD_Framework_Parallel_001.301_SerialLarge_Out_20_SetEnveloperAttributes(EDI3)_HM,hierchmessage_2301,B2Bi CS Queue Task,queue_13
B2Bi CI HME - PROD_Framework_Parallel_001.301_SerialLarge_Out_20_SetEnveloperAttributes(EDI4)_HM,hierchmessage_2299,B2Bi CS Queue Task,queue_13
B2Bi CI HME - PROD_Framework_Parallel_001.301_SerialLarge_Out_30_SetSeqUniqAttribute(ANSI)_Apple_HM,hierchmessage_2457,B2Bi CS Queue Task,queue_13
B2Bi CI HME - PROD_Framework_Parallel_001.301_SerialLarge_Out_30_SetSeqUniqAttribute(ANSI)_HM,hierchmessage_2297,B2Bi CS Queue Task,queue_13
B2Bi CI HME - PROD_Framework_Parallel_001.301_SerialLarge_Out_30_SetSeqUniqAttribute(EDI3)_HM,hierchmessage_2295,B2Bi CS Queue Task,queue_13
B2Bi CI HME - PROD_Framework_Parallel_001.301_SerialLarge_Out_30_SetSeqUniqAttribute(EDI4)_HM,hierchmessage_2293,B2Bi CS Queue Task,queue_13
B2Bi CI HME - PROD_Framework_Parallel_001.301_SerialLarge_Out_40_DynamicEnveloping:INHOUSE_HM,hierchmessage_2291,B2Bi CS Queue Task,queue_13
B2Bi CI HME - PROD_Framework_Parallel_001.301_SerialLarge_Out_40_DynamicEnveloping:XML_HM,hierchmessage_2289,B2Bi CS Queue Task,queue_13
B2Bi CI HME - PROD_Framework_Parallel_001.301_SerialLarge_Out_40_EDIOUT_Version3_HM,hierchmessage_2287,B2Bi CS Queue Task,queue_13
B2Bi CI HME - PROD_Framework_Parallel_001.301_SerialLarge_Out_40_X12OUT_ANSIX12_Apple_HM,hierchmessage_2459,B2Bi CS Queue Task,queue_13
B2Bi CI HME - PROD_Framework_Parallel_001.301_SerialLarge_Out_40_X12OUT_ANSIX12_HM,hierchmessage_2285,B2Bi CS Queue Task,queue_13
B2Bi CI HME - PROD_Framework_Parallel_001.301_SerialLarge_Out_50_SetBDIDafterEnvelope_Apple_HM,hierchmessage_2461,B2Bi CS Queue Task,queue_13
B2Bi CI HME - PROD_Framework_Parallel_001.301_SerialLarge_Out_50_SetBDIDafterEnvelope_HM,hierchmessage_2283,B2Bi CS Queue Task,queue_13
B2Bi CI HME - PROD_Framework_Parallel_001.301_SerialLarge_Out_70_PostProcessDynMBC_HM,hierchmessage_2281,B2Bi CS Queue Task,queue_13
B2Bi CI HME - PROD_Framework_Parallel_001.301_SerialLarge_Out_80_FetchCom_HM,hierchmessage_2255,B2Bi CS Queue Task,queue_13
B2Bi CI HME - PROD_Framework_Parallel_001.301_SerialLargeOutbound_23_MimeOut_HM,hierchmessage_2493,B2Bi CS Queue Task,queue_13
B2Bi CI HME - PROD_Framework_Parallel_001.301_SerialLargeOutbound_CaseStream_HM,hierchmessage_2599,B2Bi CS Queue Task,queue_13
B2Bi CI HME - PROD_Framework_Parallel_001.301_SerialLargeOutbound_SEND_SendMessageToComServer_HM,hierchmessage_2729,B2Bi CS Queue Task,queue_13
B2Bi CI HME - PROD_Framework_Parallel_001.301_SerialLargeOutbound_SEND_SendMessageToFilesystem_HM,hierchmessage_2509,B2Bi CS Queue Task,queue_13
B2Bi CI HME - PROD_Framework_Parallel_001.401_SequentialOutbound_CASE_ExitPoint_HM,hierchmessage_2745,B2Bi CS Queue Task,queue_13
B2Bi CI HME - PROD_Framework_Parallel_001.401_SerialSTD_20_ComDetect_HM,hierchmessage_2383,B2Bi CS Queue Task,queue_13
B2Bi CI HME - PROD_Framework_Parallel_001.401_SerialSTD_30_FilePreprocessing_HM,hierchmessage_2381,B2Bi CS Queue Task,queue_13
B2Bi CI HME - PROD_Framework_Parallel_001.401_SerialSTD_Dyn_10_ExecuteMasterDynMBC_HM,hierchmessage_2373,B2Bi CS Queue Task,queue_13
B2Bi CI HME - PROD_Framework_Parallel_001.401_SerialSTD_Inb_05_ReNum_HM,hierchmessage_12929,B2Bi CS Queue Task,queue_13
B2Bi CI HME - PROD_Framework_Parallel_001.401_SerialSTD_Inb_10_FetchRef_HM,hierchmessage_2377,B2Bi CS Queue Task,queue_13
B2Bi CI HME - PROD_Framework_Parallel_001.401_SerialSTD_Inb_20_Alwayslnbound_HM,hierchmessage_2379,B2Bi CS Queue Task,queue_13
B2Bi CI HME - PROD_Framework_Parallel_001.401_SerialSTD_Inb_30_PassOn_HM,hierchmessage_2375,B2Bi CS Queue Task,queue_13
B2Bi CI HME - PROD_Framework_Parallel_001.401_SerialSTD_Out_10_FetchComm_HM,hierchmessage_2371,B2Bi CS Queue Task,queue_13
B2Bi CI HME - PROD_Framework_Parallel_001.401_SerialSTD_Out_10_ReNum_HM,hierchmessage_12939,B2Bi CS Queue Task,queue_13
B2Bi CI HME - PROD_Framework_Parallel_001.402_SequentialOutbound_CASE_ExitPoint_HM,hierchmessage_2747,B2Bi CS Queue Task,queue_13
B2Bi CI HME - PROD_Framework_Parallel_001.402_SerialSTD_20_ComDetect_HM,hierchmessage_2395,B2Bi CS Queue Task,queue_13
B2Bi CI HME - PROD_Framework_Parallel_001.402_SerialSTD_30_FilePreprocessing_HM,hierchmessage_2397,B2Bi CS Queue Task,queue_13
B2Bi CI HME - PROD_Framework_Parallel_001.402_SerialSTD_Dyn_05_ExecuteMasterDynMBCPre_HM,hierchmessage_2411,B2Bi CS Queue Task,queue_13
B2Bi CI HME - PROD_Framework_Parallel_001.402_SerialSTD_Dyn_10_ExecuteMasterDynMBC_HM,hierchmessage_2385,B2Bi CS Queue Task,queue_13
B2Bi CI HME - PROD_Framework_Parallel_001.402_SerialSTD_Dyn_20_ExecuteMasterDynMBCPost_HM,hierchmessage_2409,B2Bi CS Queue Task,queue_13
B2Bi CI HME - PROD_Framework_Parallel_001.402_SerialSTD_Inb_05_ReNum_HM,hierchmessage_12931,B2Bi CS Queue Task,queue_13
B2Bi CI HME - PROD_Framework_Parallel_001.402_SerialSTD_Inb_10_FetchRef_HM,hierchmessage_2387,B2Bi CS Queue Task,queue_13
B2Bi CI HME - PROD_Framework_Parallel_001.402_SerialSTD_Inb_20_Alwayslnbound_HM,hierchmessage_2389,B2Bi CS Queue Task,queue_13
B2Bi CI HME - PROD_Framework_Parallel_001.402_SerialSTD_Inb_20_Alwayslnbound_SAG_ETGOIT_HM,hierchmessage_13793,B2Bi CS Queue Task,queue_13
B2Bi CI HME - PROD_Framework_Parallel_001.402_SerialSTD_Inb_30_PassOn_HM,hierchmessage_2391,B2Bi CS Queue Task,queue_13
B2Bi CI HME - PROD_Framework_Parallel_001.402_SerialSTD_Inb_30_PassOn_SAG_ETGOIT_HM,hierchmessage_13791,B2Bi CS Queue Task,queue_13
B2Bi CI HME - PROD_Framework_Parallel_001.402_SerialSTD_Out_10_FetchComm_HM,hierchmessage_2393,B2Bi CS Queue Task,queue_13
B2Bi CI HME - PROD_Framework_Parallel_001.402_SerialSTD_Out_10_FetchComm_SAG_ETGOIT_HM,hierchmessage_13789,B2Bi CS Queue Task,queue_13
B2Bi CI HME - PROD_Framework_Parallel_001.402_SerialSTD_Out_10_ReNum_HM,hierchmessage_12941,B2Bi CS Queue Task,queue_13
B2Bi CI HME - PROD_Framework_Parallel_001.CASE_IntegrationTypeRemote_1A_HM,hierchmessage_17208,B2Bi CS Queue Task,queue_13
B2Bi CI HME - PROD_Framework_Parallel_001.CASE_IntegrationTypeRemote_1B_HM,hierchmessage_17228,B2Bi CS Queue Task,queue_13
B2Bi CI HME - PROD_Framework_Parallel_001.CASE_IntegrationTypeRemote_1C_HM,hierchmessage_17230,B2Bi CS Queue Task,queue_13
B2Bi CI HME - PROD_Framework_Parallel_001.CASE_IntegrationTypeRemote_1D_HM,hierchmessage_17232,B2Bi CS Queue Task,queue_13
B2Bi CI HME - PROD_Framework_Parallel_001.CASE_IntegrationTypeRemote_1E_HM,hierchmessage_17234,B2Bi CS Queue Task,queue_13
B2Bi CI HME - PROD_Framework_Parallel_001.CASE_IntegrationTypeRemote_1F_HM,hierchmessage_17236,B2Bi CS Queue Task,queue_13
B2Bi CI HME - PROD_Framework_Parallel_001.CASE_IntegrationTypeRemote_2A_HM,hierchmessage_17238,B2Bi CS Queue Task,queue_13
B2Bi CI HME - PROD_Framework_Parallel_001.SEND_SendMessageToB2BIRemote_1A_HM,hierchmessage_17198,B2Bi CS Queue Task,queue_13
B2Bi CI HME - PROD_Framework_Parallel_001.SEND_SendMessageToB2BIRemote_1A_sequential_HM,hierchmessage_17210,B2Bi CS Queue Task,queue_13
B2Bi CI HME - PROD_Framework_Parallel_001.SEND_SendMessageToB2BIRemote_1B_HM,hierchmessage_17200,B2Bi CS Queue Task,queue_13
B2Bi CI HME - PROD_Framework_Parallel_001.SEND_SendMessageToB2BIRemote_1B_sequential_HM,hierchmessage_17212,B2Bi CS Queue Task,queue_13
B2Bi CI HME - PROD_Framework_Parallel_001.SEND_SendMessageToB2BIRemote_1C_HM,hierchmessage_17202,B2Bi CS Queue Task,queue_13
B2Bi CI HME - PROD_Framework_Parallel_001.SEND_SendMessageToB2BIRemote_1C_sequential_HM,hierchmessage_17214,B2Bi CS Queue Task,queue_13
B2Bi CI HME - PROD_Framework_Parallel_001.SEND_SendMessageToB2BIRemote_1D_HM,hierchmessage_17204,B2Bi CS Queue Task,queue_13
B2Bi CI HME - PROD_Framework_Parallel_001.SEND_SendMessageToB2BIRemote_1D_sequential_HM,hierchmessage_17216,B2Bi CS Queue Task,queue_13
B2Bi CI HME - PROD_Framework_Parallel_001.SEND_SendMessageToB2BIRemote_1E_HM,hierchmessage_17224,B2Bi CS Queue Task,queue_13
B2Bi CI HME - PROD_Framework_Parallel_001.SEND_SendMessageToB2BIRemote_1E_sequential_HM,hierchmessage_17218,B2Bi CS Queue Task,queue_13
B2Bi CI HME - PROD_Framework_Parallel_001.SEND_SendMessageToB2BIRemote_1F_HM,hierchmessage_17226,B2Bi CS Queue Task,queue_13
B2Bi CI HME - PROD_Framework_Parallel_001.SEND_SendMessageToB2BIRemote_1F_sequential_HM,hierchmessage_17220,B2Bi CS Queue Task,queue_13
B2Bi CI HME - PROD_Framework_Parallel_001.SEND_SendMessageToB2BIRemote_2A_HM,hierchmessage_17206,B2Bi CS Queue Task,queue_13
B2Bi CI HME - PROD_Framework_Parallel_001.SEND_SendMessageToB2BIRemote_2A_sequential_HM,hierchmessage_17222,B2Bi CS Queue Task,queue_13
B2Bi CI HME - PROD_Framework_Parallel_001.SEND_SendMessageToB2BIRemote_HM,hierchmessage_13086,B2Bi CS Queue Task,queue_13
B2Bi CI HME - PROD_Framework_Parallel_001.Z_Local_004_ARC2_10_AlwaysArchive_HM,hierchmessage_2407,B2Bi CS Queue Task,queue_13
B2Bi CI HME - PROD_Framework_Parallel_001.Z_Local_004_ARC2_Archive_20_HM,hierchmessage_2405,B2Bi CS Queue Task,queue_13
B2Bi CI HME - PROD_Framework_Parallel_001.Z_Local_202_15_Out_23_MimeOut_HM,hierchmessage_2495,B2Bi CS Queue Task,queue_13
B2Bi CI HME - PROD_Framework_Parallel_001.Z_Local_202_15_Seriall_Out_CaseDeliveryType_HM,hierchmessage_2483,B2Bi CS Queue Task,queue_13
B2Bi CI HME - PROD_Framework_Parallel_001.Z_Local_202_Sequential_30_RNAttach_HM,hierchmessage_13046,B2Bi CS Queue Task,queue_13
B2Bi CI HME - PROD_Framework_Parallel_001.Z_Local_202_Serial2_SEND_SendMessageToComServer_HM,hierchmessage_2731,B2Bi CS Queue Task,queue_13
B2Bi CI HME - PROD_Framework_Parallel_001.Z_Local_202_Serial_Dyn_10_ExecuteMasterDynMBC_HM,hierchmessage_2403,B2Bi CS Queue Task,queue_13
B2Bi CI HME - PROD_Framework_Parallel_001.Z_Local_202_Serial_Inb_05_ReNum_HM,hierchmessage_12933,B2Bi CS Queue Task,queue_13
B2Bi CI HME - PROD_Framework_Parallel_001.Z_Local_202_Serial_Inb_10_FetchRef_HM,hierchmessage_2401,B2Bi CS Queue Task,queue_13
B2Bi CI HME - PROD_Framework_Parallel_001.Z_Local_202_Serial_Inb_30_Alwayslnbound_HM,hierchmessage_2635,B2Bi CS Queue Task,queue_13
B2Bi CI HME - PROD_Framework_Parallel_001.Z_Local_202_Serial_Inb_40_PassOn_HM,hierchmessage_2643,B2Bi CS Queue Task,queue_13
B2Bi CI HME - PROD_Framework_Parallel_001.Z_Local_202_Serial_Inb_60_InboundPreprocessing_HM,hierchmessage_2639,B2Bi CS Queue Task,queue_13
B2Bi CI HME - PROD_Framework_Parallel_001.Z_Local_202_Serial_Inb_70_InboundAndFormat_HM,hierchmessage_2633,B2Bi CS Queue Task,queue_13
B2Bi CI HME - PROD_Framework_Parallel_001.Z_Local_202_Serial_Inb_80_SetDynMBCAtt:PreProcMap(ANSI)_HM,hierchmessage_2647,B2Bi CS Queue Task,queue_13
B2Bi CI HME - PROD_Framework_Parallel_001.Z_Local_202_Serial_Inb_80_SetDynMBCAtt:PreProcMap(EDI3)_HM,hierchmessage_2649,B2Bi CS Queue Task,queue_13
B2Bi CI HME - PROD_Framework_Parallel_001.Z_Local_202_Serial_Inb_80_SetDynMBCAtt:PreProcMap(EDI4)_HM,hierchmessage_2651,B2Bi CS Queue Task,queue_13
B2Bi CI HME - PROD_Framework_Parallel_001.Z_Local_202_Serial_Inb_90_EDIIN_Version3_HM,hierchmessage_2653,B2Bi CS Queue Task,queue_13
B2Bi CI HME - PROD_Framework_Parallel_001.Z_Local_202_Serial_Inb_90_EDIIN_Version4_HM,hierchmessage_2655,B2Bi CS Queue Task,queue_13
B2Bi CI HME - PROD_Framework_Parallel_001.Z_Local_202_Serial_Inb_90_InboundXMLAndInhouse_HM,hierchmessage_2641,B2Bi CS Queue Task,queue_13
B2Bi CI HME - PROD_Framework_Parallel_001.Z_Local_202_Serial_Inb_90_X12In_ANSIX12_HM,hierchmessage_2657,B2Bi CS Queue Task,queue_13
B2Bi CI HME - PROD_Framework_Parallel_001.Z_Local_202_Serial_Inb_A00_DetectAckn_HM,hierchmessage_2637,B2Bi CS Queue Task,queue_13
B2Bi CI HME - PROD_Framework_Parallel_001.Z_Local_202_Serial_Inb_A00_SetBDIDafterInbound_HM,hierchmessage_2645,B2Bi CS Queue Task,queue_13
B2Bi CI HME - PROD_Framework_Parallel_001.Z_Local_202_Serial_Out_10_OutboundAndFormat_HM,hierchmessage_2659,B2Bi CS Queue Task,queue_13
B2Bi CI HME - PROD_Framework_Parallel_001.Z_Local_202_Serial_Out_20_InhouseEnveloper(Inhouse)_HM,hierchmessage_2665,B2Bi CS Queue Task,queue_13
B2Bi CI HME - PROD_Framework_Parallel_001.Z_Local_202_Serial_Out_20_InhouseEnveloper(XML)_HM,hierchmessage_2667,B2Bi CS Queue Task,queue_13
B2Bi CI HME - PROD_Framework_Parallel_001.Z_Local_202_Serial_Out_20_SetEnveloperAttributes(ANSI)_HM,hierchmessage_2673,B2Bi CS Queue Task,queue_13
B2Bi CI HME - PROD_Framework_Parallel_001.Z_Local_202_Serial_Out_20_SetEnveloperAttributes(EDI3)_HM,hierchmessage_2675,B2Bi CS Queue Task,queue_13
B2Bi CI HME - PROD_Framework_Parallel_001.Z_Local_202_Serial_Out_20_SetEnveloperAttributes(EDI4)_HM,hierchmessage_2677,B2Bi CS Queue Task,queue_13
B2Bi CI HME - PROD_Framework_Parallel_001.Z_Local_202_Serial_Out_30_SetSeqUniqAttribute(ANSI)_HM,hierchmessage_2679,B2Bi CS Queue Task,queue_13
B2Bi CI HME - PROD_Framework_Parallel_001.Z_Local_202_Serial_Out_30_SetSeqUniqAttribute(EDI3)_HM,hierchmessage_2681,B2Bi CS Queue Task,queue_13
B2Bi CI HME - PROD_Framework_Parallel_001.Z_Local_202_Serial_Out_30_SetSeqUniqAttribute(EDI4)_HM,hierchmessage_2683,B2Bi CS Queue Task,queue_13
B2Bi CI HME - PROD_Framework_Parallel_001.Z_Local_202_Serial_Out_40_DynamicEnveloping:INHOUSE_HM,hierchmessage_2661,B2Bi CS Queue Task,queue_13
B2Bi CI HME - PROD_Framework_Parallel_001.Z_Local_202_Serial_Out_40_DynamicEnveloping:XML_HM,hierchmessage_2663,B2Bi CS Queue Task,queue_13
B2Bi CI HME - PROD_Framework_Parallel_001.Z_Local_202_Serial_Out_40_EDIOUT_Version3_HM,hierchmessage_2687,B2Bi CS Queue Task,queue_13
B2Bi CI HME - PROD_Framework_Parallel_001.Z_Local_202_Serial_Out_40_EDIOUT_Version4_HM,hierchmessage_2685,B2Bi CS Queue Task,queue_13
B2Bi CI HME - PROD_Framework_Parallel_001.Z_Local_202_Serial_Out_40_X12OUT_ANSIX12_HM,hierchmessage_2689,B2Bi CS Queue Task,queue_13
B2Bi CI HME - PROD_Framework_Parallel_001.Z_Local_202_Serial_Out_50_SetBDIDafterEnvelope_HM,hierchmessage_2671,B2Bi CS Queue Task,queue_13
B2Bi CI HME - PROD_Framework_Parallel_001.Z_Local_202_Serial_Out_70_PostProcessDynMBC_HM,hierchmessage_2669,B2Bi CS Queue Task,queue_13
B2Bi CI HME - PROD_Framework_Parallel_001.Z_Local_202_Serial_Out_80_FetchCom_HM,hierchmessage_2399,B2Bi CS Queue Task,queue_13
B2Bi CI HME - PROD_Framework_Parallel_001.Z_Local_202_Serial_Out_80_ReNum_HM,hierchmessage_12943,B2Bi CS Queue Task,queue_13
B2Bi CI HME - PROD_Framework_Parallel_001.Z_Local_202_SerialOut_CaseStream_HM,hierchmessage_2625,B2Bi CS Queue Task,queue_13
B2Bi CI HME - PROD_Framework_Parallel_001.Z_Local_202_SerialOut_SEND_SendMessageToFilesystem_HM,hierchmessage_2511,B2Bi CS Queue Task,queue_13
B2Bi CI HME - PROD_Framework_Parallel_001.Z_Local_401_15_Out_23_MimeOut_HM,hierchmessage_2497,B2Bi CS Queue Task,queue_13
B2Bi CI HME - PROD_Framework_Parallel_001.Z_Local_401_15_Out_CaseDeliveryType_HM,hierchmessage_2485,B2Bi CS Queue Task,queue_13
B2Bi CI HME - PROD_Framework_Parallel_001.Z_Local_401_InboundCaseB2Bi_Remote_seq_HM,hierchmessage_13411,B2Bi CS Queue Task,queue_13
B2Bi CI HME - PROD_Framework_Parallel_001.Z_Local_401_SendMessageToB2BIRemote1A_seq_HM,hierchmessage_13413,B2Bi CS Queue Task,queue_13
B2Bi CI HME - PROD_Framework_Parallel_001.Z_Local_401_SendMessageToB2BIRemote1B_seq_HM,hierchmessage_13415,B2Bi CS Queue Task,queue_13
B2Bi CI HME - PROD_Framework_Parallel_001.Z_Local_401_SendMessageToB2BIRemote1C_seq_HM,hierchmessage_13417,B2Bi CS Queue Task,queue_13
B2Bi CI HME - PROD_Framework_Parallel_001.Z_Local_401_SendMessageToB2BIRemote1D_seq_HM,hierchmessage_13419,B2Bi CS Queue Task,queue_13
B2Bi CI HME - PROD_Framework_Parallel_001.Z_Local_401_SendMessageToB2BIRemote2A_seq_HM,hierchmessage_13421,B2Bi CS Queue Task,queue_13
B2Bi CI HME - PROD_Framework_Parallel_001.Z_Local_401_Sequential_30_RNAttach_HM,hierchmessage_13048,B2Bi CS Queue Task,queue_13
B2Bi CI HME - PROD_Framework_Parallel_001.Z_Local_401_SerialAWB_SEND_SendMessageToComServer_HM,hierchmessage_2733,B2Bi CS Queue Task,queue_13
B2Bi CI HME - PROD_Framework_Parallel_001.Z_Local_401_Serial_InboundCaseXIB_B2BI_HM,hierchmessage_2721,B2Bi CS Queue Task,queue_13
B2Bi CI HME - PROD_Framework_Parallel_001.Z_Local_401_Serial_Out_10_OutboundAndFormat_HM,hierchmessage_14449,B2Bi CS Queue Task,queue_13
B2Bi CI HME - PROD_Framework_Parallel_001.Z_Local_401_Serial_Out_20_InhouseEnveloper(Inhouse)_HM,hierchmessage_14425,B2Bi CS Queue Task,queue_13
B2Bi CI HME - PROD_Framework_Parallel_001.Z_Local_401_Serial_Out_40_DynamicEnveloping:INHOUSE_HM,hierchmessage_14429,B2Bi CS Queue Task,queue_13
B2Bi CI HME - PROD_Framework_Parallel_001.Z_Local_401_SerialOut_CaseStream_HM,hierchmessage_2627,B2Bi CS Queue Task,queue_13
B2Bi CI HME - PROD_Framework_Parallel_001.Z_Local_401_SerialOut_SEND_SendMessageToFilesystem_HM,hierchmessage_2513,B2Bi CS Queue Task,queue_13
B2Bi CI HME - PROD_Framework_Parallel_001.Z_Local_402_15_Out_23_MimeOut_HM,hierchmessage_2499,B2Bi CS Queue Task,queue_13
B2Bi CI HME - PROD_Framework_Parallel_001.Z_Local_402_15_Out_CASE_DeliveryType,hierchmessage_2487,B2Bi CS Queue Task,queue_13
B2Bi CI HME - PROD_Framework_Parallel_001.Z_Local_402_CASE_DetermineBranch_HM,hierchmessage_2525,B2Bi CS Queue Task,queue_13
B2Bi CI HME - PROD_Framework_Parallel_001.Z_Local_402_CASE_DetermineTrunk_HM,hierchmessage_2517,B2Bi CS Queue Task,queue_13
B2Bi CI HME - PROD_Framework_Parallel_001.Z_Local_402_CASE_STT_HM,hierchmessage_2569,B2Bi CS Queue Task,queue_13
B2Bi CI HME - PROD_Framework_Parallel_001.Z_Local_402_InboundCaseB2Bi_Remote_SAG_ETGOIT_seq_HM,hierchmessage_13435,B2Bi CS Queue Task,queue_13
B2Bi CI HME - PROD_Framework_Parallel_001.Z_Local_402_InboundCaseB2Bi_Remote_seq_HM,hierchmessage_13423,B2Bi CS Queue Task,queue_13
B2Bi CI HME - PROD_Framework_Parallel_001.Z_Local_402_SendMessageToB2BIRemote1A_SAG_ETGOIT_seq_HM,hierchmessage_13437,B2Bi CS Queue Task,queue_13
B2Bi CI HME - PROD_Framework_Parallel_001.Z_Local_402_SendMessageToB2BIRemote1A_seq_HM,hierchmessage_13425,B2Bi CS Queue Task,queue_13
B2Bi CI HME - PROD_Framework_Parallel_001.Z_Local_402_SendMessageToB2BIRemote1B_SAG_ETGOIT_seq_HM,hierchmessage_13439,B2Bi CS Queue Task,queue_13
B2Bi CI HME - PROD_Framework_Parallel_001.Z_Local_402_SendMessageToB2BIRemote1B_seq_HM,hierchmessage_13427,B2Bi CS Queue Task,queue_13
B2Bi CI HME - PROD_Framework_Parallel_001.Z_Local_402_SendMessageToB2BIRemote1C_SAG_ETGOIT_seq_HM,hierchmessage_13441,B2Bi CS Queue Task,queue_13
B2Bi CI HME - PROD_Framework_Parallel_001.Z_Local_402_SendMessageToB2BIRemote1C_seq_HM,hierchmessage_13429,B2Bi CS Queue Task,queue_13
B2Bi CI HME - PROD_Framework_Parallel_001.Z_Local_402_SendMessageToB2BIRemote1D_SAG_ETGOIT_seq_HM,hierchmessage_13443,B2Bi CS Queue Task,queue_13
B2Bi CI HME - PROD_Framework_Parallel_001.Z_Local_402_SendMessageToB2BIRemote1D_seq_HM,hierchmessage_13431,B2Bi CS Queue Task,queue_13
B2Bi CI HME - PROD_Framework_Parallel_001.Z_Local_402_SendMessageToB2BIRemote2A_SAG_ETGOIT_seq_HM,hierchmessage_13445,B2Bi CS Queue Task,queue_13
B2Bi CI HME - PROD_Framework_Parallel_001.Z_Local_402_SendMessageToB2BIRemote2A_seq_HM,hierchmessage_13433,B2Bi CS Queue Task,queue_13
B2Bi CI HME - PROD_Framework_Parallel_001.Z_Local_402_Sequential_30_RNAttach_HM,hierchmessage_13050,B2Bi CS Queue Task,queue_13
B2Bi CI HME - PROD_Framework_Parallel_001.Z_Local_402_Serial_InboundCaseXIB_B2BI_HM,hierchmessage_2723,B2Bi CS Queue Task,queue_13
B2Bi CI HME - PROD_Framework_Parallel_001.Z_Local_402_Serial_InboundCaseXIB_B2BI_SAG_ETGOIT_HM,hierchmessage_13449,B2Bi CS Queue Task,queue_13
B2Bi CI HME - PROD_Framework_Parallel_001.Z_Local_402_SerialITT_SEND_SendMessageToComServer_HM,hierchmessage_2735,B2Bi CS Queue Task,queue_13
B2Bi CI HME - PROD_Framework_Parallel_001.Z_Local_402_Serial_Out_10_OutboundAndFormat_2_SAG_ETGOIT_HM,hierchmessage_14451,B2Bi CS Queue Task,queue_13
B2Bi CI HME - PROD_Framework_Parallel_001.Z_Local_402_Serial_Out_10_OutboundAndFormat_3_SAG_ETGOIT_HM,hierchmessage_14453,B2Bi CS Queue Task,queue_13
B2Bi CI HME - PROD_Framework_Parallel_001.Z_Local_402_Serial_Out_10_OutboundAndFormat_4_SAG_ETGOIT_HM,hierchmessage_14455,B2Bi CS Queue Task,queue_13
B2Bi CI HME - PROD_Framework_Parallel_001.Z_Local_402_Serial_Out_10_OutboundAndFormat_5_SAG_ETGOIT_HM,hierchmessage_14457,B2Bi CS Queue Task,queue_13
B2Bi CI HME - PROD_Framework_Parallel_001.Z_Local_402_Serial_Out_10_OutboundAndFormat_HM,hierchmessage_14447,B2Bi CS Queue Task,queue_13
B2Bi CI HME - PROD_Framework_Parallel_001.Z_Local_402_Serial_Out_20_InhouseEnveloper(Inhouse)_2_SAG_ETGOIT_HM,hierchmessage_14433,B2Bi CS Queue Task,queue_13
B2Bi CI HME - PROD_Framework_Parallel_001.Z_Local_402_Serial_Out_20_InhouseEnveloper(Inhouse)_4_SAG_ETGOIT_HM,hierchmessage_14439,B2Bi CS Queue Task,queue_13
B2Bi CI HME - PROD_Framework_Parallel_001.Z_Local_402_Serial_Out_20_InhouseEnveloper(Inhouse)_5_SAG_ETGOIT_HM,hierchmessage_14443,B2Bi CS Queue Task,queue_13
B2Bi CI HME - PROD_Framework_Parallel_001.Z_Local_402_Serial_Out_20_InhouseEnveloper(Inhouse)_HM,hierchmessage_14427,B2Bi CS Queue Task,queue_13
B2Bi CI HME - PROD_Framework_Parallel_001.Z_Local_402_Serial_Out_40_DynamicEnveloping:INHOUSE_2_SAG_ETGOIT_HM,hierchmessage_14435,B2Bi CS Queue Task,queue_13
B2Bi CI HME - PROD_Framework_Parallel_001.Z_Local_402_Serial_Out_40_DynamicEnveloping:INHOUSE_3_SAG_ETGOIT_HM,hierchmessage_14437,B2Bi CS Queue Task,queue_13
B2Bi CI HME - PROD_Framework_Parallel_001.Z_Local_402_Serial_Out_40_DynamicEnveloping:INHOUSE_4_SAG_ETGOIT_HM,hierchmessage_14441,B2Bi CS Queue Task,queue_13
B2Bi CI HME - PROD_Framework_Parallel_001.Z_Local_402_Serial_Out_40_DynamicEnveloping:INHOUSE_5_SAG_ETGOIT_HM,hierchmessage_14445,B2Bi CS Queue Task,queue_13
B2Bi CI HME - PROD_Framework_Parallel_001.Z_Local_402_Serial_Out_40_DynamicEnveloping:INHOUSE_HM,hierchmessage_14431,B2Bi CS Queue Task,queue_13
B2Bi CI HME - PROD_Framework_Parallel_001.Z_Local_402_SerialOut_CaseStream_HM,hierchmessage_2629,B2Bi CS Queue Task,queue_13
B2Bi CI HME - PROD_Framework_Parallel_001.Z_Local_402_SerialOut_SEND_SendMessageToFilesystem_HM,hierchmessage_2515,B2Bi CS Queue Task,queue_13
B2Bi CI HME - PROD_Framework_Parallel_001.Z_Local_402_SerialSTD_20_ComDetect_SAG_ETGOIT_HM,hierchmessage_2519,B2Bi CS Queue Task,queue_13
B2Bi CI HME - PROD_Framework_Parallel_001.Z_Local_402_SerialSTD_30_FilePreprocessing_2_HM,hierchmessage_2523,B2Bi CS Queue Task,queue_13
B2Bi CI HME - PROD_Framework_Parallel_001.Z_Local_402_SerialSTD_Dyn_05_ExecuteMasterDynMBCPre_02_HM,hierchmessage_2543,B2Bi CS Queue Task,queue_13
B2Bi CI HME - PROD_Framework_Parallel_001.Z_Local_402_SerialSTD_Dyn_05_ExecuteMasterDynMBCPre_03_HM,hierchmessage_2545,B2Bi CS Queue Task,queue_13
B2Bi CI HME - PROD_Framework_Parallel_001.Z_Local_402_SerialSTD_Dyn_05_ExecuteMasterDynMBCPre_04_HM,hierchmessage_2547,B2Bi CS Queue Task,queue_13
B2Bi CI HME - PROD_Framework_Parallel_001.Z_Local_402_SerialSTD_Dyn_05_ExecuteMasterDynMBCPre_05_HM,hierchmessage_2549,B2Bi CS Queue Task,queue_13
B2Bi CI HME - PROD_Framework_Parallel_001.Z_Local_402_SerialSTD_Dyn_10_ExecuteMasterDynMBC_02_HM,hierchmessage_2535,B2Bi CS Queue Task,queue_13
B2Bi CI HME - PROD_Framework_Parallel_001.Z_Local_402_SerialSTD_Dyn_10_ExecuteMasterDynMBC_03_0_HM,hierchmessage_2537,B2Bi CS Queue Task,queue_13
B2Bi CI HME - PROD_Framework_Parallel_001.Z_Local_402_SerialSTD_Dyn_10_ExecuteMasterDynMBC_03_1_HM,hierchmessage_2551,B2Bi CS Queue Task,queue_13
B2Bi CI HME - PROD_Framework_Parallel_001.Z_Local_402_SerialSTD_Dyn_10_ExecuteMasterDynMBC_03_2_HM,hierchmessage_2553,B2Bi CS Queue Task,queue_13
B2Bi CI HME - PROD_Framework_Parallel_001.Z_Local_402_SerialSTD_Dyn_10_ExecuteMasterDynMBC_03_3_HM,hierchmessage_2555,B2Bi CS Queue Task,queue_13
B2Bi CI HME - PROD_Framework_Parallel_001.Z_Local_402_SerialSTD_Dyn_10_ExecuteMasterDynMBC_03_4_HM,hierchmessage_2557,B2Bi CS Queue Task,queue_13
B2Bi CI HME - PROD_Framework_Parallel_001.Z_Local_402_SerialSTD_Dyn_10_ExecuteMasterDynMBC_03_5_HM,hierchmessage_2559,B2Bi CS Queue Task,queue_13
B2Bi CI HME - PROD_Framework_Parallel_001.Z_Local_402_SerialSTD_Dyn_10_ExecuteMasterDynMBC_03_6_HM,hierchmessage_2561,B2Bi CS Queue Task,queue_13
B2Bi CI HME - PROD_Framework_Parallel_001.Z_Local_402_SerialSTD_Dyn_10_ExecuteMasterDynMBC_03_7_HM,hierchmessage_2563,B2Bi CS Queue Task,queue_13
B2Bi CI HME - PROD_Framework_Parallel_001.Z_Local_402_SerialSTD_Dyn_10_ExecuteMasterDynMBC_03_8_HM,hierchmessage_2565,B2Bi CS Queue Task,queue_13
B2Bi CI HME - PROD_Framework_Parallel_001.Z_Local_402_SerialSTD_Dyn_10_ExecuteMasterDynMBC_03_9_HM,hierchmessage_2567,B2Bi CS Queue Task,queue_13
B2Bi CI HME - PROD_Framework_Parallel_001.Z_Local_402_SerialSTD_Dyn_10_ExecuteMasterDynMBC_04_HM,hierchmessage_2539,B2Bi CS Queue Task,queue_13
B2Bi CI HME - PROD_Framework_Parallel_001.Z_Local_402_SerialSTD_Dyn_10_ExecuteMasterDynMBC_05_HM,hierchmessage_2541,B2Bi CS Queue Task,queue_13
B2Bi CI HME - PROD_Framework_Parallel_001.Z_Local_402_SerialSTD_Dyn_20_ExecuteMasterDynMBCPost_02_HM,hierchmessage_2527,B2Bi CS Queue Task,queue_13
B2Bi CI HME - PROD_Framework_Parallel_001.Z_Local_402_SerialSTD_Dyn_20_ExecuteMasterDynMBCPost_03_HM,hierchmessage_2529,B2Bi CS Queue Task,queue_13
B2Bi CI HME - PROD_Framework_Parallel_001.Z_Local_402_SerialSTD_Dyn_20_ExecuteMasterDynMBCPost_04_HM,hierchmessage_2531,B2Bi CS Queue Task,queue_13
B2Bi CI HME - PROD_Framework_Parallel_001.Z_Local_402_SerialSTD_Dyn_20_ExecuteMasterDynMBCPost_05_HM,hierchmessage_2533,B2Bi CS Queue Task,queue_13
B2Bi CI HME - PROD_Framework_Parallel_001.Z_Local_402_SerialSTD_Inb_10_FetchRef_2_HM,hierchmessage_2521,B2Bi CS Queue Task,queue_13
B2Bi CI HME - PROD_FrameworkSystem.001_ComSysEvents_Archive_HM,hierchmessage_14668,B2Bi CS Queue Task,queue_13
B2Bi CI HME - PROD_FrameworkSystem.001_ComSysEvents_HM,hierchmessage_14666,B2Bi CS Queue Task,queue_13
B2Bi CI HME - PROD_FrameworkSystem.001_FromDisk_resend_detect_HM,hierchmessage_1997,B2Bi CS Queue Task,queue_13
B2Bi CI HME - PROD_FrameworkSystem.001_FromDisk_resend_inbound_HM,hierchmessage_1999,B2Bi CS Queue Task,queue_13
B2Bi CI HME - PROD_FrameworkSystem.001_JMS_Shield_Archive_HM,hierchmessage_13764,B2Bi CS Queue Task,queue_13
B2Bi CI HME - PROD_FrameworkSystem.001_JMS_Shield_Events_HM,hierchmessage_13762,B2Bi CS Queue Task,queue_13
B2Bi CI HME - PROD_FrameworkSystem.001_ReceiveHTTP_Shield_Events_HM,hierchmessage_13760,B2Bi CS Queue Task,queue_13
B2Bi CI HME - PROD_FrameworkSystem.001_ResendIn_ReceiveHTTPParallel_HM,hierchmessage_7418,B2Bi CS Queue Task,queue_13
B2Bi CI HME - PROD_FrameworkSystem.001_ResendIn_ReceiveHTTPSAG_ETGOIT_HM,hierchmessage_13393,B2Bi CS Queue Task,queue_13
B2Bi CI HME - PROD_FrameworkSystem.001_ResendIn_ReceiveHTTPSequential2_HM,hierchmessage_7424,B2Bi CS Queue Task,queue_13
B2Bi CI HME - PROD_FrameworkSystem.001_ResendIn_ReceiveHTTPSequential_HM,hierchmessage_7422,B2Bi CS Queue Task,queue_13
B2Bi CI HME - PROD_FrameworkSystem.001_ResendIn_ReceiveHTTPSequentialLarge_HM,hierchmessage_7426,B2Bi CS Queue Task,queue_13
B2Bi CI HME - PROD_FrameworkSystem.001_ResendIn_ReceiveHTTPSTD_AWB_HM,hierchmessage_7428,B2Bi CS Queue Task,queue_13
B2Bi CI HME - PROD_FrameworkSystem.001_ResendIn_ReceiveHTTPSTD_ITT_HM,hierchmessage_7430,B2Bi CS Queue Task,queue_13
B2Bi CI HME - PROD_FrameworkSystem.001_ResendOut_CaseDeliveryTypeParallel_HM,hierchmessage_7402,B2Bi CS Queue Task,queue_13
B2Bi CI HME - PROD_FrameworkSystem.001_ResendOut_CaseDeliveryTypeSequential_HM,hierchmessage_7434,B2Bi CS Queue Task,queue_13
B2Bi CI HME - PROD_FrameworkSystem.001_ResendOut_CreateMessageFromFile(resend_out)_HM,hierchmessage_2009,B2Bi CS Queue Task,queue_13
B2Bi CI HME - PROD_FrameworkSystem.001_ResendOut_MimeOut_Parallel_HM,hierchmessage_7396,B2Bi CS Queue Task,queue_13
B2Bi CI HME - PROD_FrameworkSystem.001_ResendOut_MimeOut_Sequential_HM,hierchmessage_7438,B2Bi CS Queue Task,queue_13
B2Bi CI HME - PROD_FrameworkSystem.001_ResendOut_ReceiveHTTPParallel_HM,hierchmessage_7420,B2Bi CS Queue Task,queue_13
B2Bi CI HME - PROD_FrameworkSystem.001_ResendOut_ReceiveHTTPSequential_HM,hierchmessage_7432,B2Bi CS Queue Task,queue_13
B2Bi CI HME - PROD_FrameworkSystem.001_ResendOut_SEND_SendMessageToFilesystem_Parallel_HM,hierchmessage_7400,B2Bi CS Queue Task,queue_13
B2Bi CI HME - PROD_FrameworkSystem.001_ResendOut_SEND_SendMessageToFilesystem_Sequential_HM,hierchmessage_7440,B2Bi CS Queue Task,queue_13
B2Bi CI HME - PROD_FrameworkSystem.001_SendMessageToComServer_Parallel_HM,hierchmessage_7404,B2Bi CS Queue Task,queue_13
B2Bi CI HME - PROD_FrameworkSystem.001_SendMessageToComServer_Sequential_HM,hierchmessage_7442,B2Bi CS Queue Task,queue_13
B2Bi CI HME - PROD_FrameworkSystem.005_SystemCASE_ExitPoint_Parallel_HM,hierchmessage_7414,B2Bi CS Queue Task,queue_13
B2Bi CI HME - PROD_FrameworkSystem.005_SystemCASE_ExitPoint_Sequential_HM,hierchmessage_7454,B2Bi CS Queue Task,queue_13
B2Bi CI HME - PROD_FrameworkSystem.005_SystemCASE_Stream_Parallel_HM,hierchmessage_7416,B2Bi CS Queue Task,queue_13
B2Bi CI HME - PROD_FrameworkSystem.005_SystemCASE_Stream_Sequential_HM,hierchmessage_7444,B2Bi CS Queue Task,queue_13
B2Bi CI HME - PROD_FrameworkSystem.005_System_RNAttach_Parallel_HM,hierchmessage_13018,B2Bi CS Queue Task,queue_13
B2Bi CI HME - PROD_FrameworkSystem.005_System_RNAttach_Sequential_HM,hierchmessage_13020,B2Bi CS Queue Task,queue_13
B2Bi CI HME - PROD_FrameworkSystem.006_Notification_HM,hierchmessage_1979,B2Bi CS Queue Task,queue_13
B2Bi CI HME - PROD_FrameworkSystem.RN_DO_ComDetect_HM,hierchmessage_13016,B2Bi CS Queue Task,queue_13
B2Bi CI HME - PROD_FrameworkSystem.RN_DO_DetachAttachment_HM,hierchmessage_13014,B2Bi CS Queue Task,queue_13
B2Bi HME 1 Task,hierchmessage_991,B2Bi CS Queue Task,queue_13
B2Bi HME 2 Task,hierchmessage_992,B2Bi CS Queue Task,queue_13
B2Bi HME 3 Task,hierchmessage_993,B2Bi CS Queue Task,queue_13
B2Bi HME 4 Task,hierchmessage_994,B2Bi CS Queue Task,queue_13
B2Bi HME EDIFACT MD Enveloper 4 Task,hierchmessage_996,B2Bi CS Queue Task,queue_13
B2Bi HME EDIFACT MD Enveloper Task,hierchmessage_995,B2Bi CS Queue Task,queue_13
B2Bi HME INHOUSE MD Enveloper Task,hierchmessage_999,B2Bi CS Queue Task,queue_13
B2Bi HME Map Service,hierchmessage_1003,B2Bi CS Queue Task,queue_13
B2Bi HME NACHA MD Enveloper Task,hierchmessage_1001,B2Bi CS Queue Task,queue_13
B2Bi HME Sequence OB Task,hierchmessage_1002,B2Bi CS Queue Task,queue_13
B2Bi HME VDA Enveloper Task,hierchmessage_1000,B2Bi CS Queue Task,queue_13
B2Bi HME X12 MD Enveloper Task,hierchmessage_997,B2Bi CS Queue Task,queue_13
B2Bi HME XML MD Enveloper Task,hierchmessage_998,B2Bi CS Queue Task,queue_13
B2Bi Logger 10,logger_964,B2Bi CS Queue Task,queue_13
B2Bi Logger 11,logger_1577,B2Bi CS Queue Task,queue_13
B2Bi Logger 12,logger_1875,B2Bi CS Queue Task,queue_13
B2Bi Logger 13,logger_12480,B2Bi CS Queue Task,queue_13
B2Bi Logger 14,logger_12482,B2Bi CS Queue Task,queue_13
B2Bi Logger 15,logger_12484,B2Bi CS Queue Task,queue_13
B2Bi Logger 16,logger_12486,B2Bi CS Queue Task,queue_13
B2Bi Logger 17,logger_12488,B2Bi CS Queue Task,queue_13
B2Bi Logger 18,logger_12490,B2Bi CS Queue Task,queue_13
B2Bi Logger 19,logger_12913,B2Bi CS Queue Task,queue_13
B2Bi Logger 1,logger_946,B2Bi CS Queue Task,queue_13
B2Bi Logger 2,logger_948,B2Bi CS Queue Task,queue_13
B2Bi Logger 3,logger_950,B2Bi CS Queue Task,queue_13
B2Bi Logger 4,logger_952,B2Bi CS Queue Task,queue_13
B2Bi Logger 5,logger_954,B2Bi CS Queue Task,queue_13
B2Bi Logger 6,logger_956,B2Bi CS Queue Task,queue_13
B2Bi Logger 7,logger_958,B2Bi CS Queue Task,queue_13
B2Bi Logger 8,logger_960,B2Bi CS Queue Task,queue_13
B2Bi Logger 9,logger_962,B2Bi CS Queue Task,queue_13
B2Bi TA ALE IB Task,transadapt_12644__expire,B2Bi CS Queue Task,queue_13
B2Bi TA ALE IB Task,transadapt_12644__receive_968,B2Bi CS Queue Task,queue_13
B2Bi TA ALE IB Task,transadapt_12644__send,B2Bi CS Queue Task,queue_13
B2Bi TA ALE IB Task,transadapt_12644__trigger,B2Bi CS Queue Task,queue_13
B2Bi TA ALE OB Task,transadapt_12645__expire,B2Bi CS Queue Task,queue_13
B2Bi TA ALE OB Task,transadapt_12645__receive_970,B2Bi CS Queue Task,queue_13
B2Bi TA ALE OB Task,transadapt_12645__send,B2Bi CS Queue Task,queue_13
B2Bi TA ALE OB Task,transadapt_12645__trigger,B2Bi CS Queue Task,queue_13
B2Bi TA B2BXGI IB Task,transadapt_972__expire,B2Bi CS Queue Task,queue_13
B2Bi TA B2BXGI IB Task,transadapt_972__receive_967,B2Bi CS Queue Task,queue_13
B2Bi TA B2BXGI IB Task,transadapt_972__receive_968,B2Bi CS Queue Task,queue_13
B2Bi TA B2BXGI IB Task,transadapt_972__receive_969,B2Bi CS Queue Task,queue_13
B2Bi TA B2BXGI IB Task,transadapt_972__receive_970,B2Bi CS Queue Task,queue_13
B2Bi TA B2BXGI IB Task,transadapt_972__send,B2Bi CS Queue Task,queue_13
B2Bi TA B2BXGI IB Task,transadapt_972__trigger,B2Bi CS Queue Task,queue_13
B2Bi TA B2BXGI OB Task,transadapt_973__expire,B2Bi CS Queue Task,queue_13
B2Bi TA B2BXGI OB Task,transadapt_973__receive_967,B2Bi CS Queue Task,queue_13
B2Bi TA B2BXGI OB Task,transadapt_973__receive_968,B2Bi CS Queue Task,queue_13
B2Bi TA B2BXGI OB Task,transadapt_973__receive_969,B2Bi CS Queue Task,queue_13
B2Bi TA B2BXGI OB Task,transadapt_973__receive_970,B2Bi CS Queue Task,queue_13
B2Bi TA B2BXGI OB Task,transadapt_973__send,B2Bi CS Queue Task,queue_13
B2Bi TA B2BXGI OB Task,transadapt_973__trigger,B2Bi CS Queue Task,queue_13
B2Bi TA EMAIL IB Task,transadapt_986__expire,B2Bi CS Queue Task,queue_13
B2Bi TA EMAIL IB Task,transadapt_986__receive_968,B2Bi CS Queue Task,queue_13
B2Bi TA EMAIL IB Task,transadapt_986__send,B2Bi CS Queue Task,queue_13
B2Bi TA EMAIL IB Task,transadapt_986__trigger,B2Bi CS Queue Task,queue_13
B2Bi TA EMAIL OB Task,transadapt_987__expire,B2Bi CS Queue Task,queue_13
B2Bi TA EMAIL OB Task,transadapt_987__receive_970,B2Bi CS Queue Task,queue_13
B2Bi TA EMAIL OB Task,transadapt_987__send,B2Bi CS Queue Task,queue_13
B2Bi TA EMAIL OB Task,transadapt_987__trigger,B2Bi CS Queue Task,queue_13
B2Bi TA FILE IB Task,transadapt_979__expire,B2Bi CS Queue Task,queue_13
B2Bi TA FILE IB Task,transadapt_979__receive_968,B2Bi CS Queue Task,queue_13
B2Bi TA FILE IB Task,transadapt_979__send,B2Bi CS Queue Task,queue_13
B2Bi TA FILE IB Task,transadapt_979__trigger,B2Bi CS Queue Task,queue_13
B2Bi TA FILE OB Task,transadapt_980__expire,B2Bi CS Queue Task,queue_13
B2Bi TA FILE OB Task,transadapt_980__receive_970,B2Bi CS Queue Task,queue_13
B2Bi TA FILE OB Task,transadapt_980__send,B2Bi CS Queue Task,queue_13
B2Bi TA FILE OB Task,transadapt_980__trigger,B2Bi CS Queue Task,queue_13
B2Bi TA FTP IB Task,transadapt_975__expire,B2Bi CS Queue Task,queue_13
B2Bi TA FTP IB Task,transadapt_975__receive_968,B2Bi CS Queue Task,queue_13
B2Bi TA FTP IB Task,transadapt_975__send,B2Bi CS Queue Task,queue_13
B2Bi TA FTP IB Task,transadapt_975__trigger,B2Bi CS Queue Task,queue_13
B2Bi TA FTP OB Task,transadapt_976__expire,B2Bi CS Queue Task,queue_13
B2Bi TA FTP OB Task,transadapt_976__receive_970,B2Bi CS Queue Task,queue_13
B2Bi TA FTP OB Task,transadapt_976__send,B2Bi CS Queue Task,queue_13
B2Bi TA FTP OB Task,transadapt_976__trigger,B2Bi CS Queue Task,queue_13
B2Bi TA HTTP IB Task,transadapt_982__expire,B2Bi CS Queue Task,queue_13
B2Bi TA HTTP IB Task,transadapt_982__receive_968,B2Bi CS Queue Task,queue_13
B2Bi TA HTTP IB Task,transadapt_982__send,B2Bi CS Queue Task,queue_13
B2Bi TA HTTP IB Task,transadapt_982__trigger,B2Bi CS Queue Task,queue_13
B2Bi TA HTTP MAPSERVICE IB Task,transadapt_b2biprdapp1_984__expire,B2Bi CS Queue Task,queue_13
B2Bi TA HTTP MAPSERVICE IB Task,transadapt_b2biprdapp1_984__receive_967,B2Bi CS Queue Task,queue_13
B2Bi TA HTTP MAPSERVICE IB Task,transadapt_b2biprdapp1_984__send,B2Bi CS Queue Task,queue_13
B2Bi TA HTTP MAPSERVICE IB Task,transadapt_b2biprdapp1_984__trigger,B2Bi CS Queue Task,queue_13
B2Bi TA HTTP OB Task,transadapt_983__expire,B2Bi CS Queue Task,queue_13
B2Bi TA HTTP OB Task,transadapt_983__receive_970,B2Bi CS Queue Task,queue_13
B2Bi TA HTTP OB Task,transadapt_983__send,B2Bi CS Queue Task,queue_13
B2Bi TA HTTP OB Task,transadapt_983__trigger,B2Bi CS Queue Task,queue_13
B2Bi TGW Application IB Task,transgateway_968,B2Bi CS Queue Task,queue_13
B2Bi TGW Application OB Task,transgateway_970,B2Bi CS Queue Task,queue_13
B2Bi TGW System IB Task,transgateway_967,B2Bi CS Queue Task,queue_13
B2Bi TGW System OB Task,transgateway_969,B2Bi CS Queue Task,queue_13
HME Z00 TR_SendNotificationsToUsers,hierchmessage_5098,B2Bi CS Queue Task,queue_13
HME Z00 TR_TrackMessageResult,hierchmessage_5087,B2Bi CS Queue Task,queue_13
not found,hierchmessage_13399,B2Bi CS Queue Task,queue_13
not found,hierchmessage_13403,B2Bi CS Queue Task,queue_13
not found,hierchmessage_13405,B2Bi CS Queue Task,queue_13
not found,hierchmessage_13407,B2Bi CS Queue Task,queue_13
not found,hierchmessage_13409,B2Bi CS Queue Task,queue_13
not found,hierchmessage_13447,B2Bi CS Queue Task,queue_13
not found,hierchmessage_2469,B2Bi CS Queue Task,queue_13
not found,hierchmessage_2471,B2Bi CS Queue Task,queue_13
not found,hierchmessage_2473,B2Bi CS Queue Task,queue_13
not found,hierchmessage_2475,B2Bi CS Queue Task,queue_13
not found,hierchmessage_2501,B2Bi CS Queue Task,queue_13
not found,hierchmessage_2503,B2Bi CS Queue Task,queue_13
not found,hierchmessage_2571,B2Bi CS Queue Task,queue_13
not found,hierchmessage_2573,B2Bi CS Queue Task,queue_13
not found,hierchmessage_2575,B2Bi CS Queue Task,queue_13
not found,hierchmessage_2577,B2Bi CS Queue Task,queue_13
not found,hierchmessage_2579,B2Bi CS Queue Task,queue_13
not found,hierchmessage_2581,B2Bi CS Queue Task,queue_13
not found,hierchmessage_2583,B2Bi CS Queue Task,queue_13
not found,hierchmessage_2585,B2Bi CS Queue Task,queue_13
not found,hierchmessage_2587,B2Bi CS Queue Task,queue_13
not found,hierchmessage_2589,B2Bi CS Queue Task,queue_13
not found,hierchmessage_2591,B2Bi CS Queue Task,queue_13
not found,hierchmessage_2593,B2Bi CS Queue Task,queue_13
not found,hierchmessage_2601,B2Bi CS Queue Task,queue_13
not found,hierchmessage_2603,B2Bi CS Queue Task,queue_13
not found,hierchmessage_2605,B2Bi CS Queue Task,queue_13
not found,hierchmessage_2607,B2Bi CS Queue Task,queue_13
not found,hierchmessage_2609,B2Bi CS Queue Task,queue_13
not found,hierchmessage_2611,B2Bi CS Queue Task,queue_13
not found,hierchmessage_2613,B2Bi CS Queue Task,queue_13
not found,hierchmessage_2615,B2Bi CS Queue Task,queue_13
not found,hierchmessage_2617,B2Bi CS Queue Task,queue_13
not found,hierchmessage_2619,B2Bi CS Queue Task,queue_13
not found,hierchmessage_2621,B2Bi CS Queue Task,queue_13
not found,hierchmessage_2623,B2Bi CS Queue Task,queue_13
not found,hierchmessage_2691,B2Bi CS Queue Task,queue_13
not found,hierchmessage_2693,B2Bi CS Queue Task,queue_13
not found,hierchmessage_2695,B2Bi CS Queue Task,queue_13
not found,hierchmessage_2697,B2Bi CS Queue Task,queue_13
not found,hierchmessage_2705,B2Bi CS Queue Task,queue_13
not found,hierchmessage_2707,B2Bi CS Queue Task,queue_13
not found,hierchmessage_2709,B2Bi CS Queue Task,queue_13
not found,hierchmessage_2711,B2Bi CS Queue Task,queue_13
not found,hierchmessage_2717,B2Bi CS Queue Task,queue_13
not found,hierchmessage_2719,B2Bi CS Queue Task,queue_13
not found,hierchmessage_7392,B2Bi CS Queue Task,queue_13
not found,hierchmessage_7406,B2Bi CS Queue Task,queue_13
not found,hierchmessage_7408,B2Bi CS Queue Task,queue_13
not found,hierchmessage_7410,B2Bi CS Queue Task,queue_13
not found,hierchmessage_7412,B2Bi CS Queue Task,queue_13
not found,hierchmessage_7436,B2Bi CS Queue Task,queue_13
not found,hierchmessage_7446,B2Bi CS Queue Task,queue_13
not found,hierchmessage_7448,B2Bi CS Queue Task,queue_13
not found,hierchmessage_7450,B2Bi CS Queue Task,queue_13
not found,hierchmessage_7452,B2Bi CS Queue Task,queue_13
not found,mfp_b2biprdapp1_988,B2Bi CS Queue Task,queue_13
